X,SimNet_simple.PIM2.ppp[0].queue/queueLength:vector
0,0
2.000027648,1
2.000944064,0
2.200024192,1
2.200944064,0
2.400024192,1
2.400944064,0
2.600024192,1
2.600944064,0
2.800024192,1
2.800944064,0
3.000024192,1
3.000944064,0
3.200024192,1
3.200944064,0
3.400024192,1
3.400944064,0
3.600024192,1
3.600944064,0
3.800024192,1
3.800944064,0
4.000024192,1
4.000944064,0
4.200024192,1
4.200944064,0
4.236258686287,1
4.238980192,0
4.400024192,1
4.400944064,0
4.600024192,1
4.600944064,0
4.800024192,1
4.800944064,0
4.991297248,1
4.993980192,0
4.995024192,1
4.995452192,0
4.996833624,1
4.99728772,2
4.999408192,1
4.999644192,0
5.000024192,1
5.000944064,0
5.200024192,1
5.200944064,0
5.226197624,1
5.227065208,2
5.227852208,3
5.228649208,4
5.228980192,3
5.230024192,4
5.230047208,5
5.231216192,4
5.231654208,5
5.232499208,6
5.233238624,7
5.233475624,8
5.233973624,9
5.235024192,10
5.235244192,9
5.23743572,10
5.240024192,11
5.241272192,10
5.245024192,11
5.247300192,10
5.250024192,11
5.251256192,10
5.255024192,11
5.257284192,10
5.260024192,11
5.263312192,10
5.265024192,11
5.269340192,10
5.270024192,11
5.273576192,10
5.273812192,9
5.274048192,8
5.275024192,9
5.278004192,8
5.278288192,7
5.280024192,8
5.282244192,7
5.285024192,8
5.286200192,7
5.290024192,8
5.290156192,7
5.294112192,6
5.295024192,7
5.298068192,6
5.300024192,7
5.302024192,6
5.305024192,7
5.305980192,6
5.309936192,5
5.310024192,6
5.313892192,5
5.315024192,6
5.317848192,5
5.320024192,6
5.321804192,5
5.325024192,6
5.325760192,5
5.329716192,4
5.330024192,5
5.333672192,4
5.335024192,5
5.337628192,4
5.340024192,5
5.341584192,4
5.345024192,5
5.345540192,4
5.349496192,3
5.350024192,4
5.353452192,3
5.355024192,4
5.357408192,3
5.360024192,4
5.361364192,3
5.365024192,4
5.365320192,3
5.369276192,2
5.370024192,3
5.373232192,2
5.375024192,3
5.377188192,2
5.380024192,3
5.381144192,2
5.385024192,3
5.385100192,2
5.389056192,1
5.390024192,2
5.393012192,1
5.395024192,2
5.396968192,1
5.400004064,2
5.400024192,3
5.400924192,2
5.404880192,1
5.405024192,2
5.405820192,1
5.409776192,0
5.410024192,1
5.413732192,0
5.415024192,1
5.417688192,0
5.420024192,1
5.421644192,0
5.425024192,1
5.425600192,0
5.480676688,1
5.480938624,2
5.48212264,3
5.483211624,4
5.483980192,3
5.484248192,2
5.484484192,1
5.485024192,2
5.485228192,1
5.485464192,0
5.531056624,1
5.53139972,2
5.533980192,1
5.534216192,0
5.600024192,1
5.600944064,0
5.800024192,1
5.800944064,0
6.000024192,1
6.000944064,0
6.020024192,1
6.02062432,0
6.021635624,1
6.023518624,2
6.02458032,1
6.02459672,2
6.02481632,1
6.025024192,2
6.02505232,1
6.02533632,0
6.200024192,1
6.200944064,0
6.400024192,1
6.400944064,0
6.600024192,1
6.600944064,0
6.800024192,1
6.800944064,0
7.000024192,1
7.000944064,0
7.200024192,1
7.200944064,0
7.400024192,1
7.400944064,0
7.595024192,1
7.595586096,0
7.597193624,1
7.598245624,2
7.59932872,3
7.599542096,2
7.599778096,1
7.600004064,2
7.600014096,1
7.600024192,2
7.600298096,1
7.601238096,0
7.605024192,1
7.605194096,0
7.800024192,1
7.800944064,0
8.000024192,1
8.000944064,0
8.200024192,1
8.200944064,0
8.400024192,1
8.400944064,0
8.600024192,1
8.600944064,0
8.800024192,1
8.800944064,0
9.000024192,1
9.000944064,0
9.200024192,1
9.200944064,0
9.400024192,1
9.400944064,0
9.600024192,1
9.600944064,0
9.658183232,1
9.658980192,0
9.755931232,1
9.758980192,0
9.800024192,1
9.800944064,0
9.856680232,1
9.858980192,0
9.955686232,1
9.958980192,0
10.000024192,1
10.000944064,0
10.055921232,1
10.058980192,0
10.156125232,1
10.158980192,0
10.200024192,1
10.200944064,0
10.255502232,1
10.258980192,0
10.355978232,1
10.358980192,0
10.400024192,1
10.400944064,0
10.455807232,1
10.458980192,0
10.555902232,1
10.558980192,0
10.600024192,1
10.600944064,0
10.656006232,1
10.658980192,0
10.755381232,1
10.758980192,0
10.800024192,1
10.800944064,0
10.855653232,1
10.858980192,0
10.956037232,1
10.958980192,0
11.000024192,1
11.000944064,0
11.055927232,1
11.058980192,0
11.155457232,1
11.158980192,0
11.200024192,1
11.200944064,0
11.255931232,1
11.258980192,0
11.356088232,1
11.358980192,0
11.400024192,1
11.400944064,0
11.455931232,1
11.458980192,0
11.555926232,1
11.558980192,0
11.600024192,1
11.600944064,0
11.655924232,1
11.658980192,0
11.756133232,1
11.758980192,0
11.800024192,1
11.800944064,0
11.855939232,1
11.858980192,0
11.955927232,1
11.958980192,0
12.000024192,1
12.000944064,0
12.055127232,1
12.058980192,0
12.155930232,1
12.158980192,0
12.200024192,1
12.200944064,0
12.255826232,1
12.258980192,0
12.356142232,1
12.358980192,0
12.400024192,1
12.400944064,0
12.455920232,1
12.458980192,0
12.555930232,1
12.558980192,0
12.600024192,1
12.600944064,0
12.655930232,1
12.658980192,0
12.755125232,1
12.758980192,0
12.800024192,1
12.800944064,0
12.855950232,1
12.858980192,0
12.955927232,1
12.958980192,0
13.000024192,1
13.000944064,0
13.055990232,1
13.058980192,0
13.155925232,1
13.158980192,0
13.200024192,1
13.200944064,0
13.255941232,1
13.258980192,0
13.355924232,1
13.358980192,0
13.400024192,1
13.400944064,0
13.455106232,1
13.458980192,0
13.555922232,1
13.558980192,0
13.600024192,1
13.600944064,0
13.655929232,1
13.658980192,0
13.755921232,1
13.758980192,0
13.800024192,1
13.800944064,0
13.855917232,1
13.858980192,0
13.955933232,1
13.958980192,0
14.000024192,1
14.000944064,0
14.055928232,1
14.058980192,0
14.156112232,1
14.158980192,0
14.200024192,1
14.200944064,0
14.255911232,1
14.258980192,0
14.355915232,1
14.358980192,0
14.400024192,1
14.400944064,0
14.455915232,1
14.458980192,0
14.556153232,1
14.558980192,0
14.600024192,1
14.600944064,0
14.655927232,1
14.658980192,0
14.755925232,1
14.758980192,0
14.800024192,1
14.800944064,0
14.855930232,1
14.858980192,0
14.955928232,1
14.958980192,0
15.000024192,1
15.000944064,0
15.055921232,1
15.058980192,0
15.156121232,1
15.158980192,0
15.200024192,1
15.200944064,0
15.255925232,1
15.258980192,0
15.355957232,1
15.358980192,0
15.400024192,1
15.400944064,0
15.455932232,1
15.458980192,0
15.555122232,1
15.558980192,0
15.600024192,1
15.600944064,0
15.655921232,1
15.658980192,0
15.755943232,1
15.758980192,0
15.800024192,1
15.800944064,0
15.856037232,1
15.858980192,0
15.955919232,1
15.958980192,0
16.000024192,1
16.000944064,0
16.055929232,1
16.058980192,0
16.155919232,1
16.158980192,0
16.200024192,1
16.200944064,0
16.255129232,1
16.258980192,0
16.355925232,1
16.358980192,0
16.400024192,1
16.400944064,0
16.455870232,1
16.458980192,0
16.555910232,1
16.558980192,0
16.600024192,1
16.600944064,0
16.655917232,1
16.658980192,0
16.755927232,1
16.758980192,0
16.800024192,1
16.800944064,0
16.855931232,1
16.858980192,0
16.956098232,1
16.958980192,0
17.000024192,1
17.000944064,0
17.055925232,1
17.058980192,0
17.155927232,1
17.158980192,0
17.200024192,1
17.200944064,0
17.255966232,1
17.258980192,0
17.355921232,1
17.358980192,0
17.400024192,1
17.400944064,0
17.455926232,1
17.458980192,0
17.555932232,1
17.558980192,0
17.600024192,1
17.600944064,0
17.656177232,1
17.658980192,0
17.755930232,1
17.758980192,0
17.800024192,1
17.800944064,0
17.855929232,1
17.858980192,0
17.955916232,1
17.958980192,0
18.000024192,1
18.000944064,0
18.055955232,1
18.058980192,0
18.155933232,1
18.158980192,0
18.200024192,1
18.200944064,0
18.255925232,1
18.258980192,0
18.355085232,1
18.358980192,0
18.400024192,1
18.400944064,0
18.455937232,1
18.458980192,0
18.555940232,1
18.558980192,0
18.600024192,1
18.600944064,0
18.655913232,1
18.658980192,0
18.755919232,1
18.758980192,0
18.800024192,1
18.800944064,0
18.855927232,1
18.858980192,0
18.955932232,1
18.958980192,0
19.000024192,1
19.000944064,0
19.056009232,1
19.058980192,0
19.155924232,1
19.158980192,0
19.200024192,1
19.200944064,0
19.255930232,1
19.258980192,0
19.355924232,1
19.358980192,0
19.400024192,1
19.400944064,0
19.455905232,1
19.458980192,0
19.555922232,1
19.558980192,0
19.600024192,1
19.600944064,0
19.655940232,1
19.658980192,0
19.755928232,1
19.758980192,0
19.800024192,1
19.800944064,0
19.855053232,1
19.858980192,0
19.955923232,1
19.958980192,0
20.000024192,1
20.000944064,0
20.055922232,1
20.058980192,0
20.155923232,1
20.158980192,0
20.200024192,1
20.200944064,0
20.255115232,1
20.258980192,0
20.355921232,1
20.358980192,0
20.400024192,1
20.400944064,0
20.455941232,1
20.458980192,0
20.555932232,1
20.558980192,0
20.600024192,1
20.600944064,0
20.655953232,1
20.658980192,0
20.755908232,1
20.758980192,0
20.800024192,1
20.800944064,0
20.855829232,1
20.858980192,0
20.955933232,1
20.958980192,0
21.000024192,1
21.000944064,0
21.055153232,1
21.058980192,0
21.155923232,1
21.158980192,0
21.200024192,1
21.200944064,0
21.255925232,1
21.258980192,0
21.355918232,1
21.358980192,0
21.400024192,1
21.400944064,0
21.455812232,1
21.458980192,0
21.555931232,1
21.558980192,0
21.600024192,1
21.600944064,0
21.655814232,1
21.658980192,0
21.756134232,1
21.758980192,0
21.800024192,1
21.800944064,0
21.855928232,1
21.858980192,0
21.955939232,1
21.958980192,0
22.000024192,1
22.000944064,0
22.055917232,1
22.058980192,0
22.155917232,1
22.158980192,0
22.200024192,1
22.200944064,0
22.255933232,1
22.258980192,0
22.355937232,1
22.358980192,0
22.400024192,1
22.400944064,0
22.456173232,1
22.458980192,0
22.555828232,1
22.558980192,0
22.600024192,1
22.600944064,0
22.655941232,1
22.658980192,0
22.755928232,1
22.758980192,0
22.800024192,1
22.800944064,0
22.856094232,1
22.858980192,0
22.955922232,1
22.958980192,0
23.000024192,1
23.000944064,0
23.055929232,1
23.058980192,0
23.155937232,1
23.158980192,0
23.200024192,1
23.200944064,0
23.255909232,1
23.258980192,0
23.355883232,1
23.358980192,0
23.400024192,1
23.400944064,0
23.455881232,1
23.458980192,0
23.555885232,1
23.558980192,0
23.600024192,1
23.600944064,0
23.655884232,1
23.658980192,0
23.755976232,1
23.758980192,0
23.800024192,1
23.800944064,0
23.855132232,1
23.858980192,0
23.955923232,1
23.958980192,0
24.000024192,1
24.000944064,0
24.055944232,1
24.058980192,0
24.155928232,1
24.158980192,0
24.200024192,1
24.200944064,0
24.256065232,1
24.258980192,0
24.355916232,1
24.358980192,0
24.400024192,1
24.400944064,0
24.455935232,1
24.458980192,0
24.555813232,1
24.558980192,0
24.600024192,1
24.600944064,0
24.655995232,1
24.658980192,0
24.755909232,1
24.758980192,0
24.800024192,1
24.800944064,0
24.855931232,1
24.858980192,0
24.955878232,1
24.958980192,0
25.000024192,1
25.000944064,0
25.055948232,1
25.058980192,0
25.155121232,1
25.158980192,0
25.200024192,1
25.200944064,0
25.255931232,1
25.258980192,0
25.355931232,1
25.358980192,0
25.400024192,1
25.400944064,0
25.455927232,1
25.458980192,0
25.556054232,1
25.558980192,0
25.600024192,1
25.600944064,0
25.655916232,1
25.658980192,0
25.755854232,1
25.758980192,0
25.800024192,1
25.800944064,0
25.855880232,1
25.858980192,0
25.955938232,1
25.958980192,0
26.000024192,1
26.000944064,0
26.055157232,1
26.058980192,0
26.155928232,1
26.158980192,0
26.200024192,1
26.200944064,0
26.255938232,1
26.258980192,0
26.355938232,1
26.358980192,0
26.400024192,1
26.400944064,0
26.456090232,1
26.458980192,0
26.555926232,1
26.558980192,0
26.600024192,1
26.600944064,0
26.655901232,1
26.658980192,0
26.756015232,1
26.758980192,0
26.800024192,1
26.800944064,0
26.855810232,1
26.858980192,0
26.956176232,1
26.958980192,0
27.000024192,1
27.000944064,0
27.055938232,1
27.058980192,0
27.155934232,1
27.158980192,0
27.200024192,1
27.200944064,0
27.256139232,1
27.258980192,0
27.355924232,1
27.358980192,0
27.400024192,1
27.400944064,0
27.455943232,1
27.458980192,0
27.555883232,1
27.558980192,0
27.600024192,1
27.600944064,0
27.655936232,1
27.658980192,0
27.755916232,1
27.758980192,0
27.800024192,1
27.800944064,0
27.855930232,1
27.858980192,0
27.955938232,1
27.958980192,0
28.000024192,1
28.000944064,0
28.055947232,1
28.058980192,0
28.155131232,1
28.158980192,0
28.200024192,1
28.200944064,0
28.255928232,1
28.258980192,0
28.355944232,1
28.358980192,0
28.400024192,1
28.400944064,0
28.455925232,1
28.458980192,0
28.555126232,1
28.558980192,0
28.600024192,1
28.600944064,0
28.655936232,1
28.658980192,0
28.755947232,1
28.758980192,0
28.800024192,1
28.800944064,0
28.855933232,1
28.858980192,0
28.955928232,1
28.958980192,0
29.000024192,1
29.000944064,0
29.055125232,1
29.058980192,0
29.155935232,1
29.158980192,0
29.200024192,1
29.200944064,0
29.255945232,1
29.258980192,0
29.355927232,1
29.358980192,0
29.400024192,1
29.400944064,0
29.456063232,1
29.458980192,0
29.555930232,1
29.558980192,0
29.600024192,1
29.600944064,0
29.655942232,1
29.658980192,0
29.756727232,1
29.758980192,0
29.800024192,1
29.800944064,0
29.855928232,1
29.858980192,0
29.955111232,1
29.958980192,0
30.000024192,1
30.000944064,0
30.055927232,1
30.058980192,0
30.155941232,1
30.158980192,0
30.200024192,1
30.200944064,0
30.255942232,1
30.258980192,0
30.356248232,1
30.358980192,0
30.400024192,1
30.400944064,0
30.455930232,1
30.458980192,0
30.555940232,1
30.558980192,0
30.600024192,1
30.600944064,0
30.655827232,1
30.658980192,0
30.756046232,1
30.758980192,0
30.800024192,1
30.800944064,0
30.855930232,1
30.858980192,0
30.955937232,1
30.958980192,0
31.000024192,1
31.000944064,0
31.055939232,1
31.058980192,0
31.155932232,1
31.158980192,0
31.200024192,1
31.200944064,0
31.250024192,1
31.250156,0
31.256130232,1
31.258980192,0
31.355820232,1
31.358980192,0
31.400024192,1
31.400944064,0
31.455948232,1
31.458980192,0
31.555933232,1
31.558980192,0
31.600024192,1
31.600944064,0
31.655931232,1
31.658980192,0
31.756114232,1
31.758980192,0
31.800024192,1
31.800944064,0
31.855931232,1
31.858980192,0
31.955944232,1
31.958980192,0
32.000024192,1
32.000944064,0
32.055932232,1
32.058980192,0
32.155924232,1
32.158980192,0
32.200024192,1
32.200944064,0
32.255131232,1
32.258980192,0
32.355931232,1
32.358980192,0
32.400024192,1
32.400944064,0
32.455952232,1
32.458980192,0
32.555929232,1
32.558980192,0
32.600024192,1
32.600944064,0
32.655938232,1
32.658980192,0
32.755125232,1
32.758980192,0
32.800024192,1
32.800944064,0
32.855931232,1
32.858980192,0
32.955936232,1
32.958980192,0
33.000024192,1
33.000944064,0
33.055933232,1
33.058980192,0
33.156050232,1
33.158980192,0
33.200024192,1
33.200944064,0
33.255729232,1
33.258980192,0
33.355832232,1
33.358980192,0
33.400024192,1
33.400944064,0
33.455829232,1
33.458980192,0
33.555943232,1
33.558980192,0
33.600024192,1
33.600944064,0
33.655091232,1
33.658980192,0
33.755888232,1
33.758980192,0
33.800024192,1
33.800944064,0
33.855897232,1
33.858980192,0
33.955892232,1
33.958980192,0
34.000024192,1
34.000944064,0
34.055986232,1
34.058980192,0
34.155154232,1
34.158980192,0
34.200024192,1
34.200944064,0
34.236258686287,1
34.238980192,0
34.255825232,1
34.258980192,0
34.355821232,1
34.358980192,0
34.400024192,1
34.400944064,0
34.455936232,1
34.458980192,0
34.555129232,1
34.558980192,0
34.600024192,1
34.600944064,0
34.655934232,1
34.658980192,0
34.755937232,1
34.758980192,0
34.800024192,1
34.800944064,0
34.855928232,1
34.858980192,0
34.956084232,1
34.958980192,0
35.000024192,1
35.000944064,0
35.055950232,1
35.058980192,0
35.155937232,1
35.158980192,0
35.200024192,1
35.200944064,0
35.256097232,1
35.258980192,0
35.355925232,1
35.358980192,0
35.400024192,1
35.400944064,0
35.455947232,1
35.458980192,0
35.555923232,1
35.558980192,0
35.600024192,1
35.600944064,0
35.655934232,1
35.658980192,0
35.756046232,1
35.758980192,0
35.800024192,1
35.800944064,0
35.855920232,1
35.858980192,0
35.955950232,1
35.958980192,0
36.000024192,1
36.000944064,0
36.055828232,1
36.058980192,0
36.155819232,1
36.158980192,0
36.200024192,1
36.200944064,0
36.256067232,1
36.258980192,0
36.355927232,1
36.358980192,0
36.400024192,1
36.400944064,0
36.455938232,1
36.458980192,0
36.555942232,1
36.558980192,0
36.600024192,1
36.600944064,0
36.655932232,1
36.658980192,0
36.755980232,1
36.758980192,0
36.800024192,1
36.800944064,0
36.855929232,1
36.858980192,0
36.955924232,1
36.958980192,0
37.000024192,1
37.000944064,0
37.055931232,1
37.058980192,0
37.155929232,1
37.158980192,0
37.200024192,1
37.200944064,0
37.255924232,1
37.258980192,0
37.355125232,1
37.358980192,0
37.400024192,1
37.400944064,0
37.455931232,1
37.458980192,0
37.555931232,1
37.558980192,0
37.600024192,1
37.600944064,0
37.655933232,1
37.658980192,0
37.755881232,1
37.758980192,0
37.800024192,1
37.800944064,0
37.856117232,1
37.858980192,0
37.955926232,1
37.958980192,0
38.000024192,1
38.000944064,0
38.055937232,1
38.058980192,0
38.155940232,1
38.158980192,0
38.200024192,1
38.200944064,0
38.255936232,1
38.258980192,0
38.356127232,1
38.358980192,0
38.400024192,1
38.400944064,0
38.455929232,1
38.458980192,0
38.555940232,1
38.558980192,0
38.600024192,1
38.600944064,0
38.655932232,1
38.658980192,0
38.755931232,1
38.758980192,0
38.800024192,1
38.800944064,0
38.856094232,1
38.858980192,0
38.955921232,1
38.958980192,0
39.000024192,1
39.000944064,0
39.055930232,1
39.058980192,0
39.155937232,1
39.158980192,0
39.200024192,1
39.200944064,0
39.255943232,1
39.258980192,0
39.356040232,1
39.358980192,0
39.400024192,1
39.400944064,0
39.455167232,1
39.458980192,0
39.555925232,1
39.558980192,0
39.600024192,1
39.600944064,0
39.656035232,1
39.658980192,0
39.755914232,1
39.758980192,0
39.800024192,1
39.800944064,0
39.855951232,1
39.858980192,0
39.955131232,1
39.958980192,0
40.000024192,1
40.000944064,0
40.055951232,1
40.058980192,0
40.155938232,1
40.158980192,0
40.200024192,1
40.200944064,0
40.255938232,1
40.258980192,0
40.355988232,1
40.358980192,0
40.400024192,1
40.400944064,0
40.455133232,1
40.458980192,0
40.555936232,1
40.558980192,0
40.600024192,1
40.600944064,0
40.655823232,1
40.658980192,0
40.755827232,1
40.758980192,0
40.800024192,1
40.800944064,0
40.855990232,1
40.858980192,0
40.955919232,1
40.958980192,0
41.000024192,1
41.000944064,0
41.055940232,1
41.058980192,0
41.155936232,1
41.158980192,0
41.200024192,1
41.200944064,0
41.255885232,1
41.258980192,0
41.356115232,1
41.358980192,0
41.400024192,1
41.400944064,0
41.455937232,1
41.458980192,0
41.555931232,1
41.558980192,0
41.600024192,1
41.600944064,0
41.655944232,1
41.658980192,0
41.755890232,1
41.758980192,0
41.800024192,1
41.800944064,0
41.855968232,1
41.858980192,0
41.955129232,1
41.958980192,0
42.000024192,1
42.000944064,0
42.055932232,1
42.058980192,0
42.155933232,1
42.158980192,0
42.200024192,1
42.200944064,0
42.255956232,1
42.258980192,0
42.355917232,1
42.358980192,0
42.400024192,1
42.400944064,0
42.455931232,1
42.458980192,0
42.555930232,1
42.558980192,0
42.600024192,1
42.600944064,0
42.655936232,1
42.658980192,0
42.755931232,1
42.758980192,0
42.800024192,1
42.800944064,0
42.855121232,1
42.858980192,0
42.961272232,1
42.963980192,0
43.000024192,1
43.000944064,0
43.055952232,1
43.058980192,0
43.155941232,1
43.158980192,0
43.200024192,1
43.200944064,0
43.255935232,1
43.258980192,0
43.355134232,1
43.358980192,0
43.400024192,1
43.400944064,0
43.455941232,1
43.458980192,0
43.555934232,1
43.558980192,0
43.600024192,1
43.600944064,0
43.655941232,1
43.658980192,0
43.755880232,1
43.758980192,0
43.800024192,1
43.800944064,0
43.855150232,1
43.858980192,0
43.955923232,1
43.958980192,0
44.000024192,1
44.000944064,0
44.055934232,1
44.058980192,0
44.155935232,1
44.158980192,0
44.200024192,1
44.200944064,0
44.256002232,1
44.258980192,0
44.355924232,1
44.358980192,0
44.400024192,1
44.400944064,0
44.455837232,1
44.458980192,0
44.555744232,1
44.558980192,0
44.600024192,1
44.600944064,0
44.655937232,1
44.658980192,0
44.756052232,1
44.758980192,0
44.800024192,1
44.800944064,0
44.855943232,1
44.858980192,0
44.955952232,1
44.958980192,0
45.000024192,1
45.000944064,0
45.055946232,1
45.058980192,0
45.155926232,1
45.158980192,0
45.200024192,1
45.200944064,0
45.255107232,1
45.258980192,0
45.355933232,1
45.358980192,0
45.400024192,1
45.400944064,0
45.455939232,1
45.458980192,0
45.555933232,1
45.558980192,0
45.600024192,1
45.600944064,0
45.655941232,1
45.658980192,0
45.755996232,1
45.758980192,0
45.800024192,1
45.800944064,0
45.855923232,1
45.858980192,0
45.955934232,1
45.958980192,0
46.000024192,1
46.000944064,0
46.055941232,1
46.058980192,0
46.155936232,1
46.158980192,0
46.200024192,1
46.200944064,0
46.255847232,1
46.258980192,0
46.355130232,1
46.358980192,0
46.400024192,1
46.400944064,0
46.455922232,1
46.458980192,0
46.555939232,1
46.558980192,0
46.600024192,1
46.600944064,0
46.655936232,1
46.658980192,0
46.755956232,1
46.758980192,0
46.800024192,1
46.800944064,0
46.856059232,1
46.858980192,0
46.955927232,1
46.958980192,0
47.000024192,1
47.000944064,0
47.055945232,1
47.058980192,0
47.155931232,1
47.158980192,0
47.200024192,1
47.200944064,0
47.255934232,1
47.258980192,0
47.356636232,1
47.358980192,0
47.400024192,1
47.400944064,0
47.455940232,1
47.458980192,0
47.555952232,1
47.558980192,0
47.600024192,1
47.600944064,0
47.655922232,1
47.658980192,0
47.755933232,1
47.758980192,0
47.800024192,1
47.800944064,0
47.855881232,1
47.858980192,0
47.956190232,1
47.958980192,0
48.000024192,1
48.000944064,0
48.055935232,1
48.058980192,0
48.155934232,1
48.158980192,0
48.200024192,1
48.200944064,0
48.255924232,1
48.258980192,0
48.355024192,1
48.355549232,0
48.400024192,1
48.400944064,0
48.455918232,1
48.458980192,0
48.555928232,1
48.558980192,0
48.600024192,1
48.600944064,0
48.655950232,1
48.658980192,0
48.755931232,1
48.758980192,0
48.800024192,1
48.800944064,0
48.855933232,1
48.858980192,0
48.956094232,1
48.958980192,0
49.000024192,1
49.000944064,0
49.055921232,1
49.058980192,0
49.155944232,1
49.158980192,0
49.200024192,1
49.200944064,0
49.255934232,1
49.258980192,0
49.355944232,1
49.358980192,0
49.400024192,1
49.400944064,0
49.455915232,1
49.458980192,0
49.555047232,1
49.558980192,0
49.600024192,1
49.600944064,0
49.655904232,1
49.658980192,0
49.755887232,1
49.758980192,0
49.800024192,1
49.800944064,0
49.855892232,1
49.858980192,0
49.955883232,1
49.958980192,0
50.000024192,1
50.000944064,0
50.055089232,1
50.058980192,0
50.155903232,1
50.158980192,0
50.200024192,1
50.200944064,0
50.255894232,1
50.258980192,0
50.355896232,1
50.358980192,0
50.400024192,1
50.400944064,0
50.455887232,1
50.458980192,0
50.555879232,1
50.558980192,0
50.600024192,1
50.600944064,0
50.655893232,1
50.658980192,0
50.755886232,1
50.758980192,0
50.800024192,1
50.800944064,0
50.855880232,1
50.858980192,0
50.955889232,1
50.958980192,0
51.000024192,1
51.000944064,0
51.055780232,1
51.058980192,0
51.155959232,1
51.158980192,0
51.200024192,1
51.200944064,0
51.255055232,1
51.258980192,0
51.355950232,1
51.358980192,0
51.400024192,1
51.400944064,0
51.455943232,1
51.458980192,0
51.555942232,1
51.558980192,0
51.600024192,1
51.600944064,0
51.655942232,1
51.658980192,0
51.755933232,1
51.758980192,0
51.800024192,1
51.800944064,0
51.855113232,1
51.858980192,0
51.955925232,1
51.958980192,0
52.000024192,1
52.000944064,0
52.055940232,1
52.058980192,0
52.155937232,1
52.158980192,0
52.200024192,1
52.200944064,0
52.255939232,1
52.258980192,0
52.355930232,1
52.358980192,0
52.400024192,1
52.400944064,0
52.455126232,1
52.458980192,0
52.555929232,1
52.558980192,0
52.600024192,1
52.600944064,0
52.655954232,1
52.658980192,0
52.755936232,1
52.758980192,0
52.800024192,1
52.800944064,0
52.855941232,1
52.858980192,0
52.956057232,1
52.958980192,0
53.000024192,1
53.000944064,0
53.055136232,1
53.058980192,0
53.155927232,1
53.158980192,0
53.200024192,1
53.200944064,0
53.255921232,1
53.258980192,0
53.355928232,1
53.358980192,0
53.400024192,1
53.400944064,0
53.455930232,1
53.458980192,0
53.555919232,1
53.558980192,0
53.600024192,1
53.600944064,0
53.655144232,1
53.658980192,0
53.755888232,1
53.758980192,0
53.800024192,1
53.800944064,0
53.855782232,1
53.858980192,0
53.955886232,1
53.958980192,0
54.000024192,1
54.000944064,0
54.056013232,1
54.058980192,0
54.155119232,1
54.158980192,0
54.200024192,1
54.200944064,0
54.255933232,1
54.258980192,0
54.355938232,1
54.358980192,0
54.400024192,1
54.400944064,0
54.455935232,1
54.458980192,0
54.555930232,1
54.558980192,0
54.600024192,1
54.600944064,0
54.655055232,1
54.658980192,0
54.755923232,1
54.758980192,0
54.800024192,1
54.800944064,0
54.855933232,1
54.858980192,0
54.955939232,1
54.958980192,0
55.000024192,1
55.000944064,0
55.055936232,1
55.058980192,0
55.155931232,1
55.158980192,0
55.200024192,1
55.200944064,0
55.255920232,1
55.258980192,0
55.355919232,1
55.358980192,0
55.400024192,1
55.400944064,0
55.455938232,1
55.458980192,0
55.555936232,1
55.558980192,0
55.600024192,1
55.600944064,0
55.655942232,1
55.658980192,0
55.755971232,1
55.758980192,0
55.800024192,1
55.800944064,0
55.855134232,1
55.858980192,0
55.955937232,1
55.958980192,0
56.000024192,1
56.000944064,0
56.055928232,1
56.058980192,0
56.155939232,1
56.158980192,0
56.200024192,1
56.200944064,0
56.255936232,1
56.258980192,0
56.355918232,1
56.358980192,0
56.400024192,1
56.400944064,0
56.455136232,1
56.458980192,0
56.555929232,1
56.558980192,0
56.600024192,1
56.600944064,0
56.655936232,1
56.658980192,0
56.755938232,1
56.758980192,0
56.800024192,1
56.800944064,0
56.855941232,1
56.858980192,0
56.955921232,1
56.958980192,0
57.000024192,1
57.000944064,0
57.055116232,1
57.058980192,0
57.155932232,1
57.158980192,0
57.200024192,1
57.200944064,0
57.255935232,1
57.258980192,0
57.355933232,1
57.358980192,0
57.400024192,1
57.400944064,0
57.455941232,1
57.458980192,0
57.555976232,1
57.558980192,0
57.600024192,1
57.600944064,0
57.655117232,1
57.658980192,0
57.755436232,1
57.758980192,0
57.800024192,1
57.800944064,0
57.855910232,1
57.858980192,0
57.955882232,1
57.958980192,0
58.000024192,1
58.000944064,0
58.055885232,1
58.058980192,0
58.155961232,1
58.158980192,0
58.200024192,1
58.200944064,0
58.255129232,1
58.258980192,0
58.355934232,1
58.358980192,0
58.400024192,1
58.400944064,0
58.455890232,1
58.458980192,0
58.555890232,1
58.558980192,0
58.600024192,1
58.600944064,0
58.655823232,1
58.658980192,0
58.755930232,1
58.758980192,0
58.800024192,1
58.800944064,0
58.855139232,1
58.858980192,0
58.955938232,1
58.958980192,0
59.000024192,1
59.000944064,0
59.055961232,1
59.058980192,0
59.155937232,1
59.158980192,0
59.200024192,1
59.200944064,0
59.255953232,1
59.258980192,0
59.355933232,1
59.358980192,0
59.400024192,1
59.400944064,0
59.455895232,1
59.458980192,0
59.555942232,1
59.558980192,0
59.600024192,1
59.600944064,0
59.655964232,1
59.658980192,0
59.755936232,1
59.758980192,0
59.800024192,1
59.800944064,0
59.855941232,1
59.858980192,0
59.956253232,1
59.958980192,0
60.000024192,1
60.000944064,0
60.055938232,1
60.058980192,0
60.155936232,1
60.158980192,0
60.200024192,1
60.200944064,0
60.255924232,1
60.258980192,0
60.355912232,1
60.358980192,0
60.400024192,1
60.400944064,0
60.455045232,1
60.458980192,0
60.555938232,1
60.558980192,0
60.600024192,1
60.600944064,0
60.655950232,1
60.658980192,0
60.755931232,1
60.758980192,0
60.800024192,1
60.800944064,0
60.855924232,1
60.858980192,0
60.955923232,1
60.958980192,0
61.000024192,1
61.000944064,0
61.055139232,1
61.058980192,0
61.155828232,1
61.158980192,0
61.200024192,1
61.200944064,0
61.255968232,1
61.258980192,0
61.355944232,1
61.358980192,0
61.400024192,1
61.400944064,0
61.455926232,1
61.458980192,0
61.555106232,1
61.558980192,0
61.600024192,1
61.600944064,0
61.655920232,1
61.658980192,0
61.755891232,1
61.758980192,0
61.800024192,1
61.800944064,0
61.855895232,1
61.858980192,0
61.955894232,1
61.958980192,0
62.000024192,1
62.000944064,0
62.055946232,1
62.058980192,0
62.155132232,1
62.158980192,0
62.200024192,1
62.200944064,0
62.255944232,1
62.258980192,0
62.355934232,1
62.358980192,0
62.400024192,1
62.400944064,0
62.455955232,1
62.458980192,0
62.555905232,1
62.558980192,0
62.600024192,1
62.600944064,0
62.656128232,1
62.658980192,0
62.755069232,1
62.758980192,0
62.800024192,1
62.800944064,0
62.855919232,1
62.858980192,0
62.955953232,1
62.958980192,0
63.000024192,1
63.000944064,0
63.055940232,1
63.058980192,0
63.155939232,1
63.158980192,0
63.200024192,1
63.200944064,0
63.255975232,1
63.258980192,0
63.355135232,1
63.358980192,0
63.400024192,1
63.400944064,0
63.455822232,1
63.458980192,0
63.555837232,1
63.558980192,0
63.600024192,1
63.600944064,0
63.655942232,1
63.658980192,0
63.755943232,1
63.758980192,0
63.800024192,1
63.800944064,0
63.855940232,1
63.858980192,0
63.955118232,1
63.958980192,0
64.000024192,1
64.000944064,0
64.055929232,1
64.058980192,0
64.155938232,1
64.158980192,0
64.200024192,1
64.200944064,0
64.236258686287,1
64.238980192,0
64.255830232,1
64.258980192,0
64.355836232,1
64.358980192,0
64.400024192,1
64.400944064,0
64.455937232,1
64.458980192,0
64.52366564,1
64.523980192,0
64.525961624,1
64.527826624,2
64.528980192,1
64.529216192,0
64.53119972,1
64.533980192,0
64.600024192,1
64.600944064,0
64.800024192,1
64.800944064,0
65.000024192,1
65.000944064,0
65.200024192,1
65.200944064,0
65.400024192,1
65.400944064,0
65.600024192,1
65.600944064,0
65.800024192,1
65.800944064,0
66.000024192,1
66.000944064,0
66.200024192,1
66.200944064,0
66.400024192,1
66.400944064,0
66.600024192,1
66.600944064,0
66.800024192,1
66.800944064,0
67.000024192,1
67.000944064,0
67.200024192,1
67.200944064,0
67.400024192,1
67.400944064,0
67.558529104,1
67.558980192,0
67.560024192,1
67.560456192,0
67.561725624,1
67.562867624,2
67.56395472,3
67.564412192,2
67.564648192,1
67.564884192,0
67.565024192,1
67.565168192,0
67.600024192,1
67.600944064,0
67.800024192,1
67.800944064,0
68.000024192,1
68.000944064,0
68.200024192,1
68.200944064,0
68.400024192,1
68.400944064,0
68.600024192,1
68.600944064,0
68.800024192,1
68.800944064,0
69.000024192,1
69.000944064,0
69.200024192,1
69.200944064,0
69.400024192,1
69.400944064,0
69.600024192,1
69.600944064,0
69.800024192,1
69.800944064,0
